<?xml version="1.0" encoding="UTF-8" ?>
<!DOCTYPE mapper PUBLIC "-//mybatis.org//DTD Mapper 3.0//EN" "http://mybatis.org/dtd/mybatis-3-mapper.dtd" >
<mapper namespace="com.un.yuancoin.server.dao.trade.tranEntrustOrder.TranEntrustOrderMapper" >
  <resultMap id="BaseResultMap" type="com.un.yuancoin.model.tranEntrustOrder.TranEntrustOrder" >
    <id column="ID" property="id" jdbcType="DECIMAL" />
    <result column="SOURCE_FINANCE_ACCOUNT_ID" property="sourceFinanceAccountId" jdbcType="DECIMAL" />
    <result column="TRADE_TYPE" property="tradeType" jdbcType="DECIMAL" />
    <result column="TRADE_MODE" property="tradeMode" jdbcType="DECIMAL" />
    <result column="SOURCE_COIN_ID" property="sourceCoinId" jdbcType="DECIMAL" />
    <result column="TARGET_COIN_ID" property="targetCoinId" jdbcType="DECIMAL" />
    <result column="ENTRUST_PRICE" property="entrustPrice" jdbcType="DECIMAL" />
    <result column="ENTRUST_AMOUNT" property="entrustAmount" jdbcType="DECIMAL" />
    <result column="BALANCE_FEE" property="balanceFee" jdbcType="DECIMAL" />
    <result column="DEDUCT_FEE" property="deductFee" jdbcType="DECIMAL" />
    <result column="TOTAL_FEE" property="totalFee" jdbcType="DECIMAL" />
    <result column="TRADE_AMOUNT" property="tradeAmount" jdbcType="DECIMAL" />
    <result column="UNTRADE_AMOUNT" property="untradeAmount" jdbcType="DECIMAL" />
    <result column="TRADE_TOTALMONEY" property="tradeTotalmoney" jdbcType="DECIMAL" />
    <result column="TRADE_TOTALAMOUNT" property="tradeTotalamount" jdbcType="DECIMAL" />
    <result column="ORDER_STATUS" property="orderStatus" jdbcType="DECIMAL" />
    <result column="CREATEDATE" property="createdate" jdbcType="DATE" />
    <result column="UPDATEDATE" property="updatedate" jdbcType="DATE" />
    <result column="TRAN_SEQUENCE" property="tranSequence" jdbcType="VARCHAR" />
    <result column="TARGET_FINANCE_ACCOUNT_ID" property="targetFinanceAccountId" jdbcType="DECIMAL" />
    <result column="ACCOUNT_ID" property="accountId" jdbcType="DECIMAL" />
    <result column="ACCOUNT_NAME" property="accountName" jdbcType="VARCHAR" />
  </resultMap>
  <sql id="Base_Column_List" >
    ID, SOURCE_FINANCE_ACCOUNT_ID, TRADE_TYPE, TRADE_MODE, SOURCE_COIN_ID, TARGET_COIN_ID, 
    ENTRUST_PRICE, ENTRUST_AMOUNT, BALANCE_FEE, DEDUCT_FEE, TOTAL_FEE, TRADE_AMOUNT, 
    UNTRADE_AMOUNT, TRADE_TOTALMONEY, TRADE_TOTALAMOUNT, ORDER_STATUS, CREATEDATE, UPDATEDATE, 
    TRAN_SEQUENCE, TARGET_FINANCE_ACCOUNT_ID, ACCOUNT_ID, ACCOUNT_NAME
  </sql>
  <select id="selectByPrimaryKey" resultMap="BaseResultMap" parameterType="java.lang.Long" >
    select 
    <include refid="Base_Column_List" />
    from TB_TRAN_ENTRUST_ORDER
    where ID = #{id,jdbcType=DECIMAL}
  </select>
  <delete id="deleteByPrimaryKey" parameterType="java.lang.Long" >
    delete from TB_TRAN_ENTRUST_ORDER
    where ID = #{id,jdbcType=DECIMAL}
  </delete>
  <insert id="insert" parameterType="com.un.yuancoin.model.tranEntrustOrder.TranEntrustOrder" >
    insert into TB_TRAN_ENTRUST_ORDER (ID, SOURCE_FINANCE_ACCOUNT_ID, TRADE_TYPE, 
      TRADE_MODE, SOURCE_COIN_ID, TARGET_COIN_ID, 
      ENTRUST_PRICE, ENTRUST_AMOUNT, BALANCE_FEE, 
      DEDUCT_FEE, TOTAL_FEE, TRADE_AMOUNT, 
      UNTRADE_AMOUNT, TRADE_TOTALMONEY, TRADE_TOTALAMOUNT, 
      ORDER_STATUS, CREATEDATE, UPDATEDATE, 
      TRAN_SEQUENCE, TARGET_FINANCE_ACCOUNT_ID, ACCOUNT_ID, 
      ACCOUNT_NAME)
    values (#{id,jdbcType=DECIMAL}, #{sourceFinanceAccountId,jdbcType=DECIMAL}, #{tradeType,jdbcType=DECIMAL}, 
      #{tradeMode,jdbcType=DECIMAL}, #{sourceCoinId,jdbcType=DECIMAL}, #{targetCoinId,jdbcType=DECIMAL}, 
      #{entrustPrice,jdbcType=DECIMAL}, #{entrustAmount,jdbcType=DECIMAL}, #{balanceFee,jdbcType=DECIMAL}, 
      #{deductFee,jdbcType=DECIMAL}, #{totalFee,jdbcType=DECIMAL}, #{tradeAmount,jdbcType=DECIMAL}, 
      #{untradeAmount,jdbcType=DECIMAL}, #{tradeTotalmoney,jdbcType=DECIMAL}, #{tradeTotalamount,jdbcType=DECIMAL}, 
      #{orderStatus,jdbcType=DECIMAL}, #{createdate,jdbcType=DATE}, #{updatedate,jdbcType=DATE}, 
      #{tranSequence,jdbcType=VARCHAR}, #{targetFinanceAccountId,jdbcType=DECIMAL}, #{accountId,jdbcType=DECIMAL}, 
      #{accountName,jdbcType=VARCHAR})
  </insert>
  <insert id="insertSelective" parameterType="com.un.yuancoin.model.tranEntrustOrder.TranEntrustOrder" >
    insert into TB_TRAN_ENTRUST_ORDER
    <trim prefix="(" suffix=")" suffixOverrides="," >
      <if test="id != null" >
        ID,
      </if>
      <if test="sourceFinanceAccountId != null" >
        SOURCE_FINANCE_ACCOUNT_ID,
      </if>
      <if test="tradeType != null" >
        TRADE_TYPE,
      </if>
      <if test="tradeMode != null" >
        TRADE_MODE,
      </if>
      <if test="sourceCoinId != null" >
        SOURCE_COIN_ID,
      </if>
      <if test="targetCoinId != null" >
        TARGET_COIN_ID,
      </if>
      <if test="entrustPrice != null" >
        ENTRUST_PRICE,
      </if>
      <if test="entrustAmount != null" >
        ENTRUST_AMOUNT,
      </if>
      <if test="balanceFee != null" >
        BALANCE_FEE,
      </if>
      <if test="deductFee != null" >
        DEDUCT_FEE,
      </if>
      <if test="totalFee != null" >
        TOTAL_FEE,
      </if>
      <if test="tradeAmount != null" >
        TRADE_AMOUNT,
      </if>
      <if test="untradeAmount != null" >
        UNTRADE_AMOUNT,
      </if>
      <if test="tradeTotalmoney != null" >
        TRADE_TOTALMONEY,
      </if>
      <if test="tradeTotalamount != null" >
        TRADE_TOTALAMOUNT,
      </if>
      <if test="orderStatus != null" >
        ORDER_STATUS,
      </if>
      <if test="createdate != null" >
        CREATEDATE,
      </if>
      <if test="updatedate != null" >
        UPDATEDATE,
      </if>
      <if test="tranSequence != null" >
        TRAN_SEQUENCE,
      </if>
      <if test="targetFinanceAccountId != null" >
        TARGET_FINANCE_ACCOUNT_ID,
      </if>
      <if test="accountId != null" >
        ACCOUNT_ID,
      </if>
      <if test="accountName != null" >
        ACCOUNT_NAME,
      </if>
    </trim>
    <trim prefix="values (" suffix=")" suffixOverrides="," >
      <if test="id != null" >
        #{id,jdbcType=DECIMAL},
      </if>
      <if test="sourceFinanceAccountId != null" >
        #{sourceFinanceAccountId,jdbcType=DECIMAL},
      </if>
      <if test="tradeType != null" >
        #{tradeType,jdbcType=DECIMAL},
      </if>
      <if test="tradeMode != null" >
        #{tradeMode,jdbcType=DECIMAL},
      </if>
      <if test="sourceCoinId != null" >
        #{sourceCoinId,jdbcType=DECIMAL},
      </if>
      <if test="targetCoinId != null" >
        #{targetCoinId,jdbcType=DECIMAL},
      </if>
      <if test="entrustPrice != null" >
        #{entrustPrice,jdbcType=DECIMAL},
      </if>
      <if test="entrustAmount != null" >
        #{entrustAmount,jdbcType=DECIMAL},
      </if>
      <if test="balanceFee != null" >
        #{balanceFee,jdbcType=DECIMAL},
      </if>
      <if test="deductFee != null" >
        #{deductFee,jdbcType=DECIMAL},
      </if>
      <if test="totalFee != null" >
        #{totalFee,jdbcType=DECIMAL},
      </if>
      <if test="tradeAmount != null" >
        #{tradeAmount,jdbcType=DECIMAL},
      </if>
      <if test="untradeAmount != null" >
        #{untradeAmount,jdbcType=DECIMAL},
      </if>
      <if test="tradeTotalmoney != null" >
        #{tradeTotalmoney,jdbcType=DECIMAL},
      </if>
      <if test="tradeTotalamount != null" >
        #{tradeTotalamount,jdbcType=DECIMAL},
      </if>
      <if test="orderStatus != null" >
        #{orderStatus,jdbcType=DECIMAL},
      </if>
      <if test="createdate != null" >
        #{createdate,jdbcType=DATE},
      </if>
      <if test="updatedate != null" >
        #{updatedate,jdbcType=DATE},
      </if>
      <if test="tranSequence != null" >
        #{tranSequence,jdbcType=VARCHAR},
      </if>
      <if test="targetFinanceAccountId != null" >
        #{targetFinanceAccountId,jdbcType=DECIMAL},
      </if>
      <if test="accountId != null" >
        #{accountId,jdbcType=DECIMAL},
      </if>
      <if test="accountName != null" >
        #{accountName,jdbcType=VARCHAR},
      </if>
    </trim>
  </insert>
  <update id="updateByPrimaryKeySelective" parameterType="com.un.yuancoin.model.tranEntrustOrder.TranEntrustOrder" >
    update TB_TRAN_ENTRUST_ORDER
    <set >
      <if test="sourceFinanceAccountId != null" >
        SOURCE_FINANCE_ACCOUNT_ID = #{sourceFinanceAccountId,jdbcType=DECIMAL},
      </if>
      <if test="tradeType != null" >
        TRADE_TYPE = #{tradeType,jdbcType=DECIMAL},
      </if>
      <if test="tradeMode != null" >
        TRADE_MODE = #{tradeMode,jdbcType=DECIMAL},
      </if>
      <if test="sourceCoinId != null" >
        SOURCE_COIN_ID = #{sourceCoinId,jdbcType=DECIMAL},
      </if>
      <if test="targetCoinId != null" >
        TARGET_COIN_ID = #{targetCoinId,jdbcType=DECIMAL},
      </if>
      <if test="entrustPrice != null" >
        ENTRUST_PRICE = #{entrustPrice,jdbcType=DECIMAL},
      </if>
      <if test="entrustAmount != null" >
        ENTRUST_AMOUNT = #{entrustAmount,jdbcType=DECIMAL},
      </if>
      <if test="balanceFee != null" >
        BALANCE_FEE = #{balanceFee,jdbcType=DECIMAL},
      </if>
      <if test="deductFee != null" >
        DEDUCT_FEE = #{deductFee,jdbcType=DECIMAL},
      </if>
      <if test="totalFee != null" >
        TOTAL_FEE = #{totalFee,jdbcType=DECIMAL},
      </if>
      <if test="tradeAmount != null" >
        TRADE_AMOUNT = #{tradeAmount,jdbcType=DECIMAL},
      </if>
      <if test="untradeAmount != null" >
        UNTRADE_AMOUNT = #{untradeAmount,jdbcType=DECIMAL},
      </if>
      <if test="tradeTotalmoney != null" >
        TRADE_TOTALMONEY = #{tradeTotalmoney,jdbcType=DECIMAL},
      </if>
      <if test="tradeTotalamount != null" >
        TRADE_TOTALAMOUNT = #{tradeTotalamount,jdbcType=DECIMAL},
      </if>
      <if test="orderStatus != null" >
        ORDER_STATUS = #{orderStatus,jdbcType=DECIMAL},
      </if>
      <if test="createdate != null" >
        CREATEDATE = #{createdate,jdbcType=DATE},
      </if>
      <if test="updatedate != null" >
        UPDATEDATE = #{updatedate,jdbcType=DATE},
      </if>
      <if test="tranSequence != null" >
        TRAN_SEQUENCE = #{tranSequence,jdbcType=VARCHAR},
      </if>
      <if test="targetFinanceAccountId != null" >
        TARGET_FINANCE_ACCOUNT_ID = #{targetFinanceAccountId,jdbcType=DECIMAL},
      </if>
      <if test="accountId != null" >
        ACCOUNT_ID = #{accountId,jdbcType=DECIMAL},
      </if>
      <if test="accountName != null" >
        ACCOUNT_NAME = #{accountName,jdbcType=VARCHAR},
      </if>
    </set>
    where ID = #{id,jdbcType=DECIMAL}
  </update>
  <update id="updateByPrimaryKey" parameterType="com.un.yuancoin.model.tranEntrustOrder.TranEntrustOrder" >
    update TB_TRAN_ENTRUST_ORDER
    set SOURCE_FINANCE_ACCOUNT_ID = #{sourceFinanceAccountId,jdbcType=DECIMAL},
      TRADE_TYPE = #{tradeType,jdbcType=DECIMAL},
      TRADE_MODE = #{tradeMode,jdbcType=DECIMAL},
      SOURCE_COIN_ID = #{sourceCoinId,jdbcType=DECIMAL},
      TARGET_COIN_ID = #{targetCoinId,jdbcType=DECIMAL},
      ENTRUST_PRICE = #{entrustPrice,jdbcType=DECIMAL},
      ENTRUST_AMOUNT = #{entrustAmount,jdbcType=DECIMAL},
      BALANCE_FEE = #{balanceFee,jdbcType=DECIMAL},
      DEDUCT_FEE = #{deductFee,jdbcType=DECIMAL},
      TOTAL_FEE = #{totalFee,jdbcType=DECIMAL},
      TRADE_AMOUNT = #{tradeAmount,jdbcType=DECIMAL},
      UNTRADE_AMOUNT = #{untradeAmount,jdbcType=DECIMAL},
      TRADE_TOTALMONEY = #{tradeTotalmoney,jdbcType=DECIMAL},
      TRADE_TOTALAMOUNT = #{tradeTotalamount,jdbcType=DECIMAL},
      ORDER_STATUS = #{orderStatus,jdbcType=DECIMAL},
      CREATEDATE = #{createdate,jdbcType=DATE},
      UPDATEDATE = #{updatedate,jdbcType=DATE},
      TRAN_SEQUENCE = #{tranSequence,jdbcType=VARCHAR},
      TARGET_FINANCE_ACCOUNT_ID = #{targetFinanceAccountId,jdbcType=DECIMAL},
      ACCOUNT_ID = #{accountId,jdbcType=DECIMAL},
      ACCOUNT_NAME = #{accountName,jdbcType=VARCHAR}
    where ID = #{id,jdbcType=DECIMAL}
  </update>
</mapper>