<?xml version="1.0" encoding="UTF-8" ?>
<!DOCTYPE mapper PUBLIC "-//mybatis.org//DTD Mapper 3.0//EN" "http://mybatis.org/dtd/mybatis-3-mapper.dtd" >
<mapper namespace="com.un.yuancoin.server.dao.trade.coin.CoinMapper" >
  <resultMap id="BaseResultMap" type="com.un.yuancoin.model.coin.Coin" >
    <id column="ID" property="id" jdbcType="DECIMAL" />
    <result column="SYMBOL" property="symbol" jdbcType="VARCHAR" />
    <result column="NAME" property="name" jdbcType="VARCHAR" />
    <result column="SHORT_NAME" property="shortName" jdbcType="VARCHAR" />
    <result column="LABLE" property="lable" jdbcType="VARCHAR" />
    <result column="DECIMAL_DIGIT" property="decimalDigit" jdbcType="DECIMAL" />
    <result column="STATE" property="state" jdbcType="DECIMAL" />
    <result column="CREATEDATE" property="createdate" jdbcType="DATE" />
    <result column="UPDATEDATE" property="updatedate" jdbcType="DATE" />
    <result column="RPC_HOST" property="rpcHost" jdbcType="VARCHAR" />
    <result column="RPC_PORT" property="rpcPort" jdbcType="VARCHAR" />
    <result column="RPC_USER" property="rpcUser" jdbcType="VARCHAR" />
    <result column="RPC_PWD" property="rpcPwd" jdbcType="VARCHAR" />
    <result column="IS_BIT" property="isBit" jdbcType="DECIMAL" />
  </resultMap>
  <sql id="Base_Column_List" >
    ID, SYMBOL, NAME, SHORT_NAME, LABLE, DECIMAL_DIGIT, STATE, CREATEDATE, UPDATEDATE, 
    RPC_HOST, RPC_PORT, RPC_USER, RPC_PWD, IS_BIT
  </sql>
  <select id="selectByPrimaryKey" resultMap="BaseResultMap" parameterType="java.lang.Long" >
    select 
    <include refid="Base_Column_List" />
    from TB_COIN
    where ID = #{id,jdbcType=DECIMAL}
  </select>
  <delete id="deleteByPrimaryKey" parameterType="java.lang.Long" >
    delete from TB_COIN
    where ID = #{id,jdbcType=DECIMAL}
  </delete>
  <insert id="insert" parameterType="com.un.yuancoin.model.coin.Coin" >
    insert into TB_COIN (ID, SYMBOL, NAME, 
      SHORT_NAME, LABLE, DECIMAL_DIGIT, 
      STATE, CREATEDATE, UPDATEDATE, 
      RPC_HOST, RPC_PORT, RPC_USER, 
      RPC_PWD, IS_BIT)
    values (#{id,jdbcType=DECIMAL}, #{symbol,jdbcType=VARCHAR}, #{name,jdbcType=VARCHAR}, 
      #{shortName,jdbcType=VARCHAR}, #{lable,jdbcType=VARCHAR}, #{decimalDigit,jdbcType=DECIMAL}, 
      #{state,jdbcType=DECIMAL}, #{createdate,jdbcType=DATE}, #{updatedate,jdbcType=DATE}, 
      #{rpcHost,jdbcType=VARCHAR}, #{rpcPort,jdbcType=VARCHAR}, #{rpcUser,jdbcType=VARCHAR}, 
      #{rpcPwd,jdbcType=VARCHAR}, #{isBit,jdbcType=DECIMAL})
  </insert>
  <insert id="insertSelective" parameterType="com.un.yuancoin.model.coin.Coin" >
    insert into TB_COIN
    <trim prefix="(" suffix=")" suffixOverrides="," >
      <if test="id != null" >
        ID,
      </if>
      <if test="symbol != null" >
        SYMBOL,
      </if>
      <if test="name != null" >
        NAME,
      </if>
      <if test="shortName != null" >
        SHORT_NAME,
      </if>
      <if test="lable != null" >
        LABLE,
      </if>
      <if test="decimalDigit != null" >
        DECIMAL_DIGIT,
      </if>
      <if test="state != null" >
        STATE,
      </if>
      <if test="createdate != null" >
        CREATEDATE,
      </if>
      <if test="updatedate != null" >
        UPDATEDATE,
      </if>
      <if test="rpcHost != null" >
        RPC_HOST,
      </if>
      <if test="rpcPort != null" >
        RPC_PORT,
      </if>
      <if test="rpcUser != null" >
        RPC_USER,
      </if>
      <if test="rpcPwd != null" >
        RPC_PWD,
      </if>
      <if test="isBit != null" >
        IS_BIT,
      </if>
    </trim>
    <trim prefix="values (" suffix=")" suffixOverrides="," >
      <if test="id != null" >
        #{id,jdbcType=DECIMAL},
      </if>
      <if test="symbol != null" >
        #{symbol,jdbcType=VARCHAR},
      </if>
      <if test="name != null" >
        #{name,jdbcType=VARCHAR},
      </if>
      <if test="shortName != null" >
        #{shortName,jdbcType=VARCHAR},
      </if>
      <if test="lable != null" >
        #{lable,jdbcType=VARCHAR},
      </if>
      <if test="decimalDigit != null" >
        #{decimalDigit,jdbcType=DECIMAL},
      </if>
      <if test="state != null" >
        #{state,jdbcType=DECIMAL},
      </if>
      <if test="createdate != null" >
        #{createdate,jdbcType=DATE},
      </if>
      <if test="updatedate != null" >
        #{updatedate,jdbcType=DATE},
      </if>
      <if test="rpcHost != null" >
        #{rpcHost,jdbcType=VARCHAR},
      </if>
      <if test="rpcPort != null" >
        #{rpcPort,jdbcType=VARCHAR},
      </if>
      <if test="rpcUser != null" >
        #{rpcUser,jdbcType=VARCHAR},
      </if>
      <if test="rpcPwd != null" >
        #{rpcPwd,jdbcType=VARCHAR},
      </if>
      <if test="isBit != null" >
        #{isBit,jdbcType=DECIMAL},
      </if>
    </trim>
  </insert>
  <update id="updateByPrimaryKeySelective" parameterType="com.un.yuancoin.model.coin.Coin" >
    update TB_COIN
    <set >
      <if test="symbol != null" >
        SYMBOL = #{symbol,jdbcType=VARCHAR},
      </if>
      <if test="name != null" >
        NAME = #{name,jdbcType=VARCHAR},
      </if>
      <if test="shortName != null" >
        SHORT_NAME = #{shortName,jdbcType=VARCHAR},
      </if>
      <if test="lable != null" >
        LABLE = #{lable,jdbcType=VARCHAR},
      </if>
      <if test="decimalDigit != null" >
        DECIMAL_DIGIT = #{decimalDigit,jdbcType=DECIMAL},
      </if>
      <if test="state != null" >
        STATE = #{state,jdbcType=DECIMAL},
      </if>
      <if test="createdate != null" >
        CREATEDATE = #{createdate,jdbcType=DATE},
      </if>
      <if test="updatedate != null" >
        UPDATEDATE = #{updatedate,jdbcType=DATE},
      </if>
      <if test="rpcHost != null" >
        RPC_HOST = #{rpcHost,jdbcType=VARCHAR},
      </if>
      <if test="rpcPort != null" >
        RPC_PORT = #{rpcPort,jdbcType=VARCHAR},
      </if>
      <if test="rpcUser != null" >
        RPC_USER = #{rpcUser,jdbcType=VARCHAR},
      </if>
      <if test="rpcPwd != null" >
        RPC_PWD = #{rpcPwd,jdbcType=VARCHAR},
      </if>
      <if test="isBit != null" >
        IS_BIT = #{isBit,jdbcType=DECIMAL},
      </if>
    </set>
    where ID = #{id,jdbcType=DECIMAL}
  </update>
  <update id="updateByPrimaryKey" parameterType="com.un.yuancoin.model.coin.Coin" >
    update TB_COIN
    set SYMBOL = #{symbol,jdbcType=VARCHAR},
      NAME = #{name,jdbcType=VARCHAR},
      SHORT_NAME = #{shortName,jdbcType=VARCHAR},
      LABLE = #{lable,jdbcType=VARCHAR},
      DECIMAL_DIGIT = #{decimalDigit,jdbcType=DECIMAL},
      STATE = #{state,jdbcType=DECIMAL},
      CREATEDATE = #{createdate,jdbcType=DATE},
      UPDATEDATE = #{updatedate,jdbcType=DATE},
      RPC_HOST = #{rpcHost,jdbcType=VARCHAR},
      RPC_PORT = #{rpcPort,jdbcType=VARCHAR},
      RPC_USER = #{rpcUser,jdbcType=VARCHAR},
      RPC_PWD = #{rpcPwd,jdbcType=VARCHAR},
      IS_BIT = #{isBit,jdbcType=DECIMAL}
    where ID = #{id,jdbcType=DECIMAL}
  </update>
</mapper>