<?xml version="1.0" encoding="UTF-8" ?>
<!DOCTYPE mapper PUBLIC "-//mybatis.org//DTD Mapper 3.0//EN" "http://mybatis.org/dtd/mybatis-3-mapper.dtd" >
<mapper namespace="project.dao.MixCurrencyIndexMapper" >
  <resultMap id="BaseResultMap" type="project.model.MixCurrencyIndex" >
    <id column="id" property="id" jdbcType="BIGINT" />
    <result column="currency_id" property="currencyId" jdbcType="INTEGER" />
    <result column="index_price" property="indexPrice" jdbcType="DECIMAL" />
    <result column="create_date" property="createDate" jdbcType="TIMESTAMP" />
  </resultMap>
  <sql id="Base_Column_List" >
    id, currency_id, index_price, create_date
  </sql>
  <select id="selectByPrimaryKey" resultMap="BaseResultMap" parameterType="java.lang.Long" >
    select 
    <include refid="Base_Column_List" />
    from tb_mix_currency_index
    where id = #{id,jdbcType=BIGINT}
  </select>
  <delete id="deleteByPrimaryKey" parameterType="java.lang.Long" >
    delete from tb_mix_currency_index
    where id = #{id,jdbcType=BIGINT}
  </delete>
  <insert id="insert" parameterType="project.model.MixCurrencyIndex" >
    insert into tb_mix_currency_index (id, currency_id, index_price, 
      create_date)
    values (#{id,jdbcType=BIGINT}, #{currencyId,jdbcType=INTEGER}, #{indexPrice,jdbcType=DECIMAL}, 
      #{createDate,jdbcType=TIMESTAMP})
  </insert>
  <insert id="insertSelective" parameterType="project.model.MixCurrencyIndex" >
    insert into tb_mix_currency_index
    <trim prefix="(" suffix=")" suffixOverrides="," >
      <if test="id != null" >
        id,
      </if>
      <if test="currencyId != null" >
        currency_id,
      </if>
      <if test="indexPrice != null" >
        index_price,
      </if>
      <if test="createDate != null" >
        create_date,
      </if>
    </trim>
    <trim prefix="values (" suffix=")" suffixOverrides="," >
      <if test="id != null" >
        #{id,jdbcType=BIGINT},
      </if>
      <if test="currencyId != null" >
        #{currencyId,jdbcType=INTEGER},
      </if>
      <if test="indexPrice != null" >
        #{indexPrice,jdbcType=DECIMAL},
      </if>
      <if test="createDate != null" >
        #{createDate,jdbcType=TIMESTAMP},
      </if>
    </trim>
  </insert>
  <update id="updateByPrimaryKeySelective" parameterType="project.model.MixCurrencyIndex" >
    update tb_mix_currency_index
    <set >
      <if test="currencyId != null" >
        currency_id = #{currencyId,jdbcType=INTEGER},
      </if>
      <if test="indexPrice != null" >
        index_price = #{indexPrice,jdbcType=DECIMAL},
      </if>
      <if test="createDate != null" >
        create_date = #{createDate,jdbcType=TIMESTAMP},
      </if>
    </set>
    where id = #{id,jdbcType=BIGINT}
  </update>
  <update id="updateByPrimaryKey" parameterType="project.model.MixCurrencyIndex" >
    update tb_mix_currency_index
    set currency_id = #{currencyId,jdbcType=INTEGER},
      index_price = #{indexPrice,jdbcType=DECIMAL},
      create_date = #{createDate,jdbcType=TIMESTAMP}
    where id = #{id,jdbcType=BIGINT}
  </update>
</mapper>