<?xml version="1.0" encoding="UTF-8" ?>
<!DOCTYPE mapper PUBLIC "-//mybatis.org//DTD Mapper 3.0//EN" "http://mybatis.org/dtd/mybatis-3-mapper.dtd" >
<mapper namespace="project.dao.ReportDataMapper" >
  <resultMap id="BaseResultMap" type="project.model.ReportData" >
    <id column="id" property="id" jdbcType="BIGINT" />
    <result column="user_id" property="userId" jdbcType="BIGINT" />
    <result column="ip" property="ip" jdbcType="VARCHAR" />
    <result column="event" property="event" jdbcType="VARCHAR" />
    <result column="event_type" property="eventType" jdbcType="INTEGER" />
    <result column="page_url" property="pageUrl" jdbcType="VARCHAR" />
    <result column="site" property="site" jdbcType="VARCHAR" />
    <result column="os_type" property="osType" jdbcType="VARCHAR" />
    <result column="create_time" property="createTime" jdbcType="TIMESTAMP" />
    <result column="times" property="times" jdbcType="INTEGER" />
  </resultMap>
  <sql id="Base_Column_List" >
    id, user_id, ip, event, event_type, page_url, site, os_type, create_time, times
  </sql>
  <select id="selectByPrimaryKey" resultMap="BaseResultMap" parameterType="java.lang.Long" >
    select 
    <include refid="Base_Column_List" />
    from report_data
    where id = #{id,jdbcType=BIGINT}
  </select>
  <delete id="deleteByPrimaryKey" parameterType="java.lang.Long" >
    delete from report_data
    where id = #{id,jdbcType=BIGINT}
  </delete>
  <insert id="insert" parameterType="project.model.ReportData" >
    insert into report_data (id, user_id, ip, 
      event, event_type, page_url, 
      site, os_type, create_time, 
      times)
    values (#{id,jdbcType=BIGINT}, #{userId,jdbcType=BIGINT}, #{ip,jdbcType=VARCHAR}, 
      #{event,jdbcType=VARCHAR}, #{eventType,jdbcType=INTEGER}, #{pageUrl,jdbcType=VARCHAR}, 
      #{site,jdbcType=VARCHAR}, #{osType,jdbcType=VARCHAR}, #{createTime,jdbcType=TIMESTAMP}, 
      #{times,jdbcType=INTEGER})
  </insert>
  <insert id="insertSelective" parameterType="project.model.ReportData" >
    insert into report_data
    <trim prefix="(" suffix=")" suffixOverrides="," >
      <if test="id != null" >
        id,
      </if>
      <if test="userId != null" >
        user_id,
      </if>
      <if test="ip != null" >
        ip,
      </if>
      <if test="event != null" >
        event,
      </if>
      <if test="eventType != null" >
        event_type,
      </if>
      <if test="pageUrl != null" >
        page_url,
      </if>
      <if test="site != null" >
        site,
      </if>
      <if test="osType != null" >
        os_type,
      </if>
      <if test="createTime != null" >
        create_time,
      </if>
      <if test="times != null" >
        times,
      </if>
    </trim>
    <trim prefix="values (" suffix=")" suffixOverrides="," >
      <if test="id != null" >
        #{id,jdbcType=BIGINT},
      </if>
      <if test="userId != null" >
        #{userId,jdbcType=BIGINT},
      </if>
      <if test="ip != null" >
        #{ip,jdbcType=VARCHAR},
      </if>
      <if test="event != null" >
        #{event,jdbcType=VARCHAR},
      </if>
      <if test="eventType != null" >
        #{eventType,jdbcType=INTEGER},
      </if>
      <if test="pageUrl != null" >
        #{pageUrl,jdbcType=VARCHAR},
      </if>
      <if test="site != null" >
        #{site,jdbcType=VARCHAR},
      </if>
      <if test="osType != null" >
        #{osType,jdbcType=VARCHAR},
      </if>
      <if test="createTime != null" >
        #{createTime,jdbcType=TIMESTAMP},
      </if>
      <if test="times != null" >
        #{times,jdbcType=INTEGER},
      </if>
    </trim>
  </insert>
  <update id="updateByPrimaryKeySelective" parameterType="project.model.ReportData" >
    update report_data
    <set >
      <if test="userId != null" >
        user_id = #{userId,jdbcType=BIGINT},
      </if>
      <if test="ip != null" >
        ip = #{ip,jdbcType=VARCHAR},
      </if>
      <if test="event != null" >
        event = #{event,jdbcType=VARCHAR},
      </if>
      <if test="eventType != null" >
        event_type = #{eventType,jdbcType=INTEGER},
      </if>
      <if test="pageUrl != null" >
        page_url = #{pageUrl,jdbcType=VARCHAR},
      </if>
      <if test="site != null" >
        site = #{site,jdbcType=VARCHAR},
      </if>
      <if test="osType != null" >
        os_type = #{osType,jdbcType=VARCHAR},
      </if>
      <if test="createTime != null" >
        create_time = #{createTime,jdbcType=TIMESTAMP},
      </if>
      <if test="times != null" >
        times = #{times,jdbcType=INTEGER},
      </if>
    </set>
    where id = #{id,jdbcType=BIGINT}
  </update>
  <update id="updateByPrimaryKey" parameterType="project.model.ReportData" >
    update report_data
    set user_id = #{userId,jdbcType=BIGINT},
      ip = #{ip,jdbcType=VARCHAR},
      event = #{event,jdbcType=VARCHAR},
      event_type = #{eventType,jdbcType=INTEGER},
      page_url = #{pageUrl,jdbcType=VARCHAR},
      site = #{site,jdbcType=VARCHAR},
      os_type = #{osType,jdbcType=VARCHAR},
      create_time = #{createTime,jdbcType=TIMESTAMP},
      times = #{times,jdbcType=INTEGER}
    where id = #{id,jdbcType=BIGINT}
  </update>
</mapper>