<?xml version="1.0" encoding="UTF-8" ?>
<!DOCTYPE mapper PUBLIC "-//mybatis.org//DTD Mapper 3.0//EN" "http://mybatis.org/dtd/mybatis-3-mapper.dtd" >
<mapper namespace="com.un.yuancoin.server.dao.trade.coinSetting.CoinSettingMapper" >
  <resultMap id="BaseResultMap" type="com.un.yuancoin.model.coinSetting.CoinSetting" >
    <id column="ID" property="id" jdbcType="DECIMAL" />
    <result column="COIN_ID" property="coinId" jdbcType="DECIMAL" />
    <result column="SETTING_KEY" property="settingKey" jdbcType="DECIMAL" />
    <result column="SETTING_VALUE" property="settingValue" jdbcType="DECIMAL" />
    <result column="REMARKS" property="remarks" jdbcType="VARCHAR" />
    <result column="CREATEDATE" property="createdate" jdbcType="DATE" />
    <result column="UPDATEDATE" property="updatedate" jdbcType="DATE" />
    <result column="STATE" property="state" jdbcType="DECIMAL" />
  </resultMap>
  <sql id="Base_Column_List" >
    ID, COIN_ID, SETTING_KEY, SETTING_VALUE, REMARKS, CREATEDATE, UPDATEDATE, STATE
  </sql>
  <select id="selectByPrimaryKey" resultMap="BaseResultMap" parameterType="java.lang.Long" >
    select 
    <include refid="Base_Column_List" />
    from TB_COIN_SETTING
    where ID = #{id,jdbcType=DECIMAL}
  </select>
  <delete id="deleteByPrimaryKey" parameterType="java.lang.Long" >
    delete from TB_COIN_SETTING
    where ID = #{id,jdbcType=DECIMAL}
  </delete>
  <insert id="insert" parameterType="com.un.yuancoin.model.coinSetting.CoinSetting" >
    insert into TB_COIN_SETTING (ID, COIN_ID, SETTING_KEY, 
      SETTING_VALUE, REMARKS, CREATEDATE, 
      UPDATEDATE, STATE)
    values (#{id,jdbcType=DECIMAL}, #{coinId,jdbcType=DECIMAL}, #{settingKey,jdbcType=DECIMAL}, 
      #{settingValue,jdbcType=DECIMAL}, #{remarks,jdbcType=VARCHAR}, #{createdate,jdbcType=DATE}, 
      #{updatedate,jdbcType=DATE}, #{state,jdbcType=DECIMAL})
  </insert>
  <insert id="insertSelective" parameterType="com.un.yuancoin.model.coinSetting.CoinSetting" >
    insert into TB_COIN_SETTING
    <trim prefix="(" suffix=")" suffixOverrides="," >
      <if test="id != null" >
        ID,
      </if>
      <if test="coinId != null" >
        COIN_ID,
      </if>
      <if test="settingKey != null" >
        SETTING_KEY,
      </if>
      <if test="settingValue != null" >
        SETTING_VALUE,
      </if>
      <if test="remarks != null" >
        REMARKS,
      </if>
      <if test="createdate != null" >
        CREATEDATE,
      </if>
      <if test="updatedate != null" >
        UPDATEDATE,
      </if>
      <if test="state != null" >
        STATE,
      </if>
    </trim>
    <trim prefix="values (" suffix=")" suffixOverrides="," >
      <if test="id != null" >
        #{id,jdbcType=DECIMAL},
      </if>
      <if test="coinId != null" >
        #{coinId,jdbcType=DECIMAL},
      </if>
      <if test="settingKey != null" >
        #{settingKey,jdbcType=DECIMAL},
      </if>
      <if test="settingValue != null" >
        #{settingValue,jdbcType=DECIMAL},
      </if>
      <if test="remarks != null" >
        #{remarks,jdbcType=VARCHAR},
      </if>
      <if test="createdate != null" >
        #{createdate,jdbcType=DATE},
      </if>
      <if test="updatedate != null" >
        #{updatedate,jdbcType=DATE},
      </if>
      <if test="state != null" >
        #{state,jdbcType=DECIMAL},
      </if>
    </trim>
  </insert>
  <update id="updateByPrimaryKeySelective" parameterType="com.un.yuancoin.model.coinSetting.CoinSetting" >
    update TB_COIN_SETTING
    <set >
      <if test="coinId != null" >
        COIN_ID = #{coinId,jdbcType=DECIMAL},
      </if>
      <if test="settingKey != null" >
        SETTING_KEY = #{settingKey,jdbcType=DECIMAL},
      </if>
      <if test="settingValue != null" >
        SETTING_VALUE = #{settingValue,jdbcType=DECIMAL},
      </if>
      <if test="remarks != null" >
        REMARKS = #{remarks,jdbcType=VARCHAR},
      </if>
      <if test="createdate != null" >
        CREATEDATE = #{createdate,jdbcType=DATE},
      </if>
      <if test="updatedate != null" >
        UPDATEDATE = #{updatedate,jdbcType=DATE},
      </if>
      <if test="state != null" >
        STATE = #{state,jdbcType=DECIMAL},
      </if>
    </set>
    where ID = #{id,jdbcType=DECIMAL}
  </update>
  <update id="updateByPrimaryKey" parameterType="com.un.yuancoin.model.coinSetting.CoinSetting" >
    update TB_COIN_SETTING
    set COIN_ID = #{coinId,jdbcType=DECIMAL},
      SETTING_KEY = #{settingKey,jdbcType=DECIMAL},
      SETTING_VALUE = #{settingValue,jdbcType=DECIMAL},
      REMARKS = #{remarks,jdbcType=VARCHAR},
      CREATEDATE = #{createdate,jdbcType=DATE},
      UPDATEDATE = #{updatedate,jdbcType=DATE},
      STATE = #{state,jdbcType=DECIMAL}
    where ID = #{id,jdbcType=DECIMAL}
  </update>
</mapper>