<?xml version="1.0" encoding="UTF-8" ?>
<!DOCTYPE mapper PUBLIC "-//mybatis.org//DTD Mapper 3.0//EN" "http://mybatis.org/dtd/mybatis-3-mapper.dtd" >
<mapper namespace="com.un.yuancoin.server.dao.trade.market.MarketMapper" >
  <resultMap id="BaseResultMap" type="com.un.yuancoin.model.Market.Market" >
    <id column="ID" property="id" jdbcType="DECIMAL" />
    <result column="SOURCE_COIN_ID" property="sourceCoinId" jdbcType="DECIMAL" />
    <result column="TARGET_COIN_ID" property="targetCoinId" jdbcType="DECIMAL" />
    <result column="TRADE_TYPE" property="tradeType" jdbcType="DECIMAL" />
    <result column="PRICE" property="price" jdbcType="DECIMAL" />
    <result column="AMOUNT" property="amount" jdbcType="DECIMAL" />
    <result column="CREATEDATE" property="createdate" jdbcType="DATE" />
    <result column="UPDATEDATE" property="updatedate" jdbcType="DATE" />
  </resultMap>
  <sql id="Base_Column_List" >
    ID, SOURCE_COIN_ID, TARGET_COIN_ID, TRADE_TYPE, PRICE, AMOUNT, CREATEDATE, UPDATEDATE
  </sql>
  <select id="selectByPrimaryKey" resultMap="BaseResultMap" parameterType="java.lang.Long" >
    select 
    <include refid="Base_Column_List" />
    from TB_MARKET
    where ID = #{id,jdbcType=DECIMAL}
  </select>
  <delete id="deleteByPrimaryKey" parameterType="java.lang.Long" >
    delete from TB_MARKET
    where ID = #{id,jdbcType=DECIMAL}
  </delete>
  <insert id="insert" parameterType="com.un.yuancoin.model.Market.Market" >
    insert into TB_MARKET (ID, SOURCE_COIN_ID, TARGET_COIN_ID, 
      TRADE_TYPE, PRICE, AMOUNT, 
      CREATEDATE, UPDATEDATE)
    values (#{id,jdbcType=DECIMAL}, #{sourceCoinId,jdbcType=DECIMAL}, #{targetCoinId,jdbcType=DECIMAL}, 
      #{tradeType,jdbcType=DECIMAL}, #{price,jdbcType=DECIMAL}, #{amount,jdbcType=DECIMAL}, 
      #{createdate,jdbcType=DATE}, #{updatedate,jdbcType=DATE})
  </insert>
  <insert id="insertSelective" parameterType="com.un.yuancoin.model.Market.Market" >
    insert into TB_MARKET
    <trim prefix="(" suffix=")" suffixOverrides="," >
      <if test="id != null" >
        ID,
      </if>
      <if test="sourceCoinId != null" >
        SOURCE_COIN_ID,
      </if>
      <if test="targetCoinId != null" >
        TARGET_COIN_ID,
      </if>
      <if test="tradeType != null" >
        TRADE_TYPE,
      </if>
      <if test="price != null" >
        PRICE,
      </if>
      <if test="amount != null" >
        AMOUNT,
      </if>
      <if test="createdate != null" >
        CREATEDATE,
      </if>
      <if test="updatedate != null" >
        UPDATEDATE,
      </if>
    </trim>
    <trim prefix="values (" suffix=")" suffixOverrides="," >
      <if test="id != null" >
        #{id,jdbcType=DECIMAL},
      </if>
      <if test="sourceCoinId != null" >
        #{sourceCoinId,jdbcType=DECIMAL},
      </if>
      <if test="targetCoinId != null" >
        #{targetCoinId,jdbcType=DECIMAL},
      </if>
      <if test="tradeType != null" >
        #{tradeType,jdbcType=DECIMAL},
      </if>
      <if test="price != null" >
        #{price,jdbcType=DECIMAL},
      </if>
      <if test="amount != null" >
        #{amount,jdbcType=DECIMAL},
      </if>
      <if test="createdate != null" >
        #{createdate,jdbcType=DATE},
      </if>
      <if test="updatedate != null" >
        #{updatedate,jdbcType=DATE},
      </if>
    </trim>
  </insert>
  <update id="updateByPrimaryKeySelective" parameterType="com.un.yuancoin.model.Market.Market" >
    update TB_MARKET
    <set >
      <if test="sourceCoinId != null" >
        SOURCE_COIN_ID = #{sourceCoinId,jdbcType=DECIMAL},
      </if>
      <if test="targetCoinId != null" >
        TARGET_COIN_ID = #{targetCoinId,jdbcType=DECIMAL},
      </if>
      <if test="tradeType != null" >
        TRADE_TYPE = #{tradeType,jdbcType=DECIMAL},
      </if>
      <if test="price != null" >
        PRICE = #{price,jdbcType=DECIMAL},
      </if>
      <if test="amount != null" >
        AMOUNT = #{amount,jdbcType=DECIMAL},
      </if>
      <if test="createdate != null" >
        CREATEDATE = #{createdate,jdbcType=DATE},
      </if>
      <if test="updatedate != null" >
        UPDATEDATE = #{updatedate,jdbcType=DATE},
      </if>
    </set>
    where ID = #{id,jdbcType=DECIMAL}
  </update>
  <update id="updateByPrimaryKey" parameterType="com.un.yuancoin.model.Market.Market" >
    update TB_MARKET
    set SOURCE_COIN_ID = #{sourceCoinId,jdbcType=DECIMAL},
      TARGET_COIN_ID = #{targetCoinId,jdbcType=DECIMAL},
      TRADE_TYPE = #{tradeType,jdbcType=DECIMAL},
      PRICE = #{price,jdbcType=DECIMAL},
      AMOUNT = #{amount,jdbcType=DECIMAL},
      CREATEDATE = #{createdate,jdbcType=DATE},
      UPDATEDATE = #{updatedate,jdbcType=DATE}
    where ID = #{id,jdbcType=DECIMAL}
  </update>
</mapper>