<?xml version="1.0" encoding="UTF-8" ?>
<!DOCTYPE mapper PUBLIC "-//mybatis.org//DTD Mapper 3.0//EN" "http://mybatis.org/dtd/mybatis-3-mapper.dtd" >
<mapper namespace="com.un.yuancoin.server.dao.trade.recommend.RecommendMapper" >
  <resultMap id="BaseResultMap" type="com.un.yuancoin.model.recommend.Recommend" >
    <id column="ID" property="id" jdbcType="DECIMAL" />
    <result column="REFEREE_ACCOUNT_ID" property="refereeAccountId" jdbcType="DECIMAL" />
    <result column="RECOMMEDN_ACCOUNT_ID" property="recommednAccountId" jdbcType="DECIMAL" />
    <result column="CREATEDATE" property="createdate" jdbcType="DATE" />
    <result column="UPDATEDATE" property="updatedate" jdbcType="DATE" />
  </resultMap>
  <sql id="Base_Column_List" >
    ID, REFEREE_ACCOUNT_ID, RECOMMEDN_ACCOUNT_ID, CREATEDATE, UPDATEDATE
  </sql>
  <select id="selectByPrimaryKey" resultMap="BaseResultMap" parameterType="java.lang.Long" >
    select 
    <include refid="Base_Column_List" />
    from TB_RECOMMEND
    where ID = #{id,jdbcType=DECIMAL}
  </select>
  <delete id="deleteByPrimaryKey" parameterType="java.lang.Long" >
    delete from TB_RECOMMEND
    where ID = #{id,jdbcType=DECIMAL}
  </delete>
  <insert id="insert" parameterType="com.un.yuancoin.model.recommend.Recommend" >
    insert into TB_RECOMMEND (ID, REFEREE_ACCOUNT_ID, RECOMMEDN_ACCOUNT_ID, 
      CREATEDATE, UPDATEDATE)
    values (#{id,jdbcType=DECIMAL}, #{refereeAccountId,jdbcType=DECIMAL}, #{recommednAccountId,jdbcType=DECIMAL}, 
      #{createdate,jdbcType=DATE}, #{updatedate,jdbcType=DATE})
  </insert>
  <insert id="insertSelective" parameterType="com.un.yuancoin.model.recommend.Recommend" >
    insert into TB_RECOMMEND
    <trim prefix="(" suffix=")" suffixOverrides="," >
      <if test="id != null" >
        ID,
      </if>
      <if test="refereeAccountId != null" >
        REFEREE_ACCOUNT_ID,
      </if>
      <if test="recommednAccountId != null" >
        RECOMMEDN_ACCOUNT_ID,
      </if>
      <if test="createdate != null" >
        CREATEDATE,
      </if>
      <if test="updatedate != null" >
        UPDATEDATE,
      </if>
    </trim>
    <trim prefix="values (" suffix=")" suffixOverrides="," >
      <if test="id != null" >
        #{id,jdbcType=DECIMAL},
      </if>
      <if test="refereeAccountId != null" >
        #{refereeAccountId,jdbcType=DECIMAL},
      </if>
      <if test="recommednAccountId != null" >
        #{recommednAccountId,jdbcType=DECIMAL},
      </if>
      <if test="createdate != null" >
        #{createdate,jdbcType=DATE},
      </if>
      <if test="updatedate != null" >
        #{updatedate,jdbcType=DATE},
      </if>
    </trim>
  </insert>
  <update id="updateByPrimaryKeySelective" parameterType="com.un.yuancoin.model.recommend.Recommend" >
    update TB_RECOMMEND
    <set >
      <if test="refereeAccountId != null" >
        REFEREE_ACCOUNT_ID = #{refereeAccountId,jdbcType=DECIMAL},
      </if>
      <if test="recommednAccountId != null" >
        RECOMMEDN_ACCOUNT_ID = #{recommednAccountId,jdbcType=DECIMAL},
      </if>
      <if test="createdate != null" >
        CREATEDATE = #{createdate,jdbcType=DATE},
      </if>
      <if test="updatedate != null" >
        UPDATEDATE = #{updatedate,jdbcType=DATE},
      </if>
    </set>
    where ID = #{id,jdbcType=DECIMAL}
  </update>
  <update id="updateByPrimaryKey" parameterType="com.un.yuancoin.model.recommend.Recommend" >
    update TB_RECOMMEND
    set REFEREE_ACCOUNT_ID = #{refereeAccountId,jdbcType=DECIMAL},
      RECOMMEDN_ACCOUNT_ID = #{recommednAccountId,jdbcType=DECIMAL},
      CREATEDATE = #{createdate,jdbcType=DATE},
      UPDATEDATE = #{updatedate,jdbcType=DATE}
    where ID = #{id,jdbcType=DECIMAL}
  </update>
</mapper>