<?xml version="1.0" encoding="UTF-8" ?>
<!DOCTYPE mapper PUBLIC "-//mybatis.org//DTD Mapper 3.0//EN" "http://mybatis.org/dtd/mybatis-3-mapper.dtd" >
<mapper namespace="com.un.yuancoin.server.dao.trade.tranDealOrder.TranDealOrderMapper" >
  <resultMap id="BaseResultMap" type="com.un.yuancoin.model.tranDealOrder.TranDealOrder" >
    <id column="ID" property="id" jdbcType="DECIMAL" />
    <result column="BUY_TARGET_FINANCE_ACCOUNT_ID" property="buyTargetFinanceAccountId" jdbcType="DECIMAL" />
    <result column="SALE_TARGET_FINANCE_ACCOUNT_ID" property="saleTargetFinanceAccountId" jdbcType="DECIMAL" />
    <result column="ENTRUST_ID" property="entrustId" jdbcType="DECIMAL" />
    <result column="BEENTRUST_ID" property="beentrustId" jdbcType="DECIMAL" />
    <result column="SOURCE_COIN_ID" property="sourceCoinId" jdbcType="DECIMAL" />
    <result column="TARGET_COIN_ID" property="targetCoinId" jdbcType="DECIMAL" />
    <result column="PRICE" property="price" jdbcType="DECIMAL" />
    <result column="AMOUNT" property="amount" jdbcType="DECIMAL" />
    <result column="BUY_FEE_AMOUNT" property="buyFeeAmount" jdbcType="DECIMAL" />
    <result column="SALE_FEE_AMOUNT" property="saleFeeAmount" jdbcType="DECIMAL" />
    <result column="CREATEDATE" property="createdate" jdbcType="DATE" />
    <result column="SALE_TRAN_SEQUENCE" property="saleTranSequence" jdbcType="VARCHAR" />
    <result column="BUY_TRAN_SEQUENCE" property="buyTranSequence" jdbcType="VARCHAR" />
    <result column="BUY_SOURCE_FINANCE_ACCOUNT_ID" property="buySourceFinanceAccountId" jdbcType="DECIMAL" />
    <result column="SALE_SOURCE_FINANCE_ACCOUNT_ID" property="saleSourceFinanceAccountId" jdbcType="DECIMAL" />
    <result column="BUY_ACCOUNT_ID" property="buyAccountId" jdbcType="DECIMAL" />
    <result column="BUY_ACCOUNT_NAME" property="buyAccountName" jdbcType="VARCHAR" />
    <result column="SALE_ACCOUNT_ID" property="saleAccountId" jdbcType="DECIMAL" />
    <result column="SALE_ACCOUNT_NAME" property="saleAccountName" jdbcType="VARCHAR" />
    <result column="TRADE_MODE" property="tradeMode" jdbcType="DECIMAL" />
  </resultMap>
  <sql id="Base_Column_List" >
    ID, BUY_TARGET_FINANCE_ACCOUNT_ID, SALE_TARGET_FINANCE_ACCOUNT_ID, ENTRUST_ID, BEENTRUST_ID, 
    SOURCE_COIN_ID, TARGET_COIN_ID, PRICE, AMOUNT, BUY_FEE_AMOUNT, SALE_FEE_AMOUNT, CREATEDATE, 
    SALE_TRAN_SEQUENCE, BUY_TRAN_SEQUENCE, BUY_SOURCE_FINANCE_ACCOUNT_ID, SALE_SOURCE_FINANCE_ACCOUNT_ID, 
    BUY_ACCOUNT_ID, BUY_ACCOUNT_NAME, SALE_ACCOUNT_ID, SALE_ACCOUNT_NAME, TRADE_MODE
  </sql>
  <select id="selectByPrimaryKey" resultMap="BaseResultMap" parameterType="java.lang.Long" >
    select 
    <include refid="Base_Column_List" />
    from TB_TRAN_DEAL_ORDER
    where ID = #{id,jdbcType=DECIMAL}
  </select>
  <delete id="deleteByPrimaryKey" parameterType="java.lang.Long" >
    delete from TB_TRAN_DEAL_ORDER
    where ID = #{id,jdbcType=DECIMAL}
  </delete>
  <insert id="insert" parameterType="com.un.yuancoin.model.tranDealOrder.TranDealOrder" >
    insert into TB_TRAN_DEAL_ORDER (ID, BUY_TARGET_FINANCE_ACCOUNT_ID, SALE_TARGET_FINANCE_ACCOUNT_ID, 
      ENTRUST_ID, BEENTRUST_ID, SOURCE_COIN_ID, 
      TARGET_COIN_ID, PRICE, AMOUNT, 
      BUY_FEE_AMOUNT, SALE_FEE_AMOUNT, CREATEDATE, 
      SALE_TRAN_SEQUENCE, BUY_TRAN_SEQUENCE, BUY_SOURCE_FINANCE_ACCOUNT_ID, 
      SALE_SOURCE_FINANCE_ACCOUNT_ID, BUY_ACCOUNT_ID, 
      BUY_ACCOUNT_NAME, SALE_ACCOUNT_ID, SALE_ACCOUNT_NAME, 
      TRADE_MODE)
    values (#{id,jdbcType=DECIMAL}, #{buyTargetFinanceAccountId,jdbcType=DECIMAL}, #{saleTargetFinanceAccountId,jdbcType=DECIMAL}, 
      #{entrustId,jdbcType=DECIMAL}, #{beentrustId,jdbcType=DECIMAL}, #{sourceCoinId,jdbcType=DECIMAL}, 
      #{targetCoinId,jdbcType=DECIMAL}, #{price,jdbcType=DECIMAL}, #{amount,jdbcType=DECIMAL}, 
      #{buyFeeAmount,jdbcType=DECIMAL}, #{saleFeeAmount,jdbcType=DECIMAL}, #{createdate,jdbcType=DATE}, 
      #{saleTranSequence,jdbcType=VARCHAR}, #{buyTranSequence,jdbcType=VARCHAR}, #{buySourceFinanceAccountId,jdbcType=DECIMAL}, 
      #{saleSourceFinanceAccountId,jdbcType=DECIMAL}, #{buyAccountId,jdbcType=DECIMAL}, 
      #{buyAccountName,jdbcType=VARCHAR}, #{saleAccountId,jdbcType=DECIMAL}, #{saleAccountName,jdbcType=VARCHAR}, 
      #{tradeMode,jdbcType=DECIMAL})
  </insert>
  <insert id="insertSelective" parameterType="com.un.yuancoin.model.tranDealOrder.TranDealOrder" >
    insert into TB_TRAN_DEAL_ORDER
    <trim prefix="(" suffix=")" suffixOverrides="," >
      <if test="id != null" >
        ID,
      </if>
      <if test="buyTargetFinanceAccountId != null" >
        BUY_TARGET_FINANCE_ACCOUNT_ID,
      </if>
      <if test="saleTargetFinanceAccountId != null" >
        SALE_TARGET_FINANCE_ACCOUNT_ID,
      </if>
      <if test="entrustId != null" >
        ENTRUST_ID,
      </if>
      <if test="beentrustId != null" >
        BEENTRUST_ID,
      </if>
      <if test="sourceCoinId != null" >
        SOURCE_COIN_ID,
      </if>
      <if test="targetCoinId != null" >
        TARGET_COIN_ID,
      </if>
      <if test="price != null" >
        PRICE,
      </if>
      <if test="amount != null" >
        AMOUNT,
      </if>
      <if test="buyFeeAmount != null" >
        BUY_FEE_AMOUNT,
      </if>
      <if test="saleFeeAmount != null" >
        SALE_FEE_AMOUNT,
      </if>
      <if test="createdate != null" >
        CREATEDATE,
      </if>
      <if test="saleTranSequence != null" >
        SALE_TRAN_SEQUENCE,
      </if>
      <if test="buyTranSequence != null" >
        BUY_TRAN_SEQUENCE,
      </if>
      <if test="buySourceFinanceAccountId != null" >
        BUY_SOURCE_FINANCE_ACCOUNT_ID,
      </if>
      <if test="saleSourceFinanceAccountId != null" >
        SALE_SOURCE_FINANCE_ACCOUNT_ID,
      </if>
      <if test="buyAccountId != null" >
        BUY_ACCOUNT_ID,
      </if>
      <if test="buyAccountName != null" >
        BUY_ACCOUNT_NAME,
      </if>
      <if test="saleAccountId != null" >
        SALE_ACCOUNT_ID,
      </if>
      <if test="saleAccountName != null" >
        SALE_ACCOUNT_NAME,
      </if>
      <if test="tradeMode != null" >
        TRADE_MODE,
      </if>
    </trim>
    <trim prefix="values (" suffix=")" suffixOverrides="," >
      <if test="id != null" >
        #{id,jdbcType=DECIMAL},
      </if>
      <if test="buyTargetFinanceAccountId != null" >
        #{buyTargetFinanceAccountId,jdbcType=DECIMAL},
      </if>
      <if test="saleTargetFinanceAccountId != null" >
        #{saleTargetFinanceAccountId,jdbcType=DECIMAL},
      </if>
      <if test="entrustId != null" >
        #{entrustId,jdbcType=DECIMAL},
      </if>
      <if test="beentrustId != null" >
        #{beentrustId,jdbcType=DECIMAL},
      </if>
      <if test="sourceCoinId != null" >
        #{sourceCoinId,jdbcType=DECIMAL},
      </if>
      <if test="targetCoinId != null" >
        #{targetCoinId,jdbcType=DECIMAL},
      </if>
      <if test="price != null" >
        #{price,jdbcType=DECIMAL},
      </if>
      <if test="amount != null" >
        #{amount,jdbcType=DECIMAL},
      </if>
      <if test="buyFeeAmount != null" >
        #{buyFeeAmount,jdbcType=DECIMAL},
      </if>
      <if test="saleFeeAmount != null" >
        #{saleFeeAmount,jdbcType=DECIMAL},
      </if>
      <if test="createdate != null" >
        #{createdate,jdbcType=DATE},
      </if>
      <if test="saleTranSequence != null" >
        #{saleTranSequence,jdbcType=VARCHAR},
      </if>
      <if test="buyTranSequence != null" >
        #{buyTranSequence,jdbcType=VARCHAR},
      </if>
      <if test="buySourceFinanceAccountId != null" >
        #{buySourceFinanceAccountId,jdbcType=DECIMAL},
      </if>
      <if test="saleSourceFinanceAccountId != null" >
        #{saleSourceFinanceAccountId,jdbcType=DECIMAL},
      </if>
      <if test="buyAccountId != null" >
        #{buyAccountId,jdbcType=DECIMAL},
      </if>
      <if test="buyAccountName != null" >
        #{buyAccountName,jdbcType=VARCHAR},
      </if>
      <if test="saleAccountId != null" >
        #{saleAccountId,jdbcType=DECIMAL},
      </if>
      <if test="saleAccountName != null" >
        #{saleAccountName,jdbcType=VARCHAR},
      </if>
      <if test="tradeMode != null" >
        #{tradeMode,jdbcType=DECIMAL},
      </if>
    </trim>
  </insert>
  <update id="updateByPrimaryKeySelective" parameterType="com.un.yuancoin.model.tranDealOrder.TranDealOrder" >
    update TB_TRAN_DEAL_ORDER
    <set >
      <if test="buyTargetFinanceAccountId != null" >
        BUY_TARGET_FINANCE_ACCOUNT_ID = #{buyTargetFinanceAccountId,jdbcType=DECIMAL},
      </if>
      <if test="saleTargetFinanceAccountId != null" >
        SALE_TARGET_FINANCE_ACCOUNT_ID = #{saleTargetFinanceAccountId,jdbcType=DECIMAL},
      </if>
      <if test="entrustId != null" >
        ENTRUST_ID = #{entrustId,jdbcType=DECIMAL},
      </if>
      <if test="beentrustId != null" >
        BEENTRUST_ID = #{beentrustId,jdbcType=DECIMAL},
      </if>
      <if test="sourceCoinId != null" >
        SOURCE_COIN_ID = #{sourceCoinId,jdbcType=DECIMAL},
      </if>
      <if test="targetCoinId != null" >
        TARGET_COIN_ID = #{targetCoinId,jdbcType=DECIMAL},
      </if>
      <if test="price != null" >
        PRICE = #{price,jdbcType=DECIMAL},
      </if>
      <if test="amount != null" >
        AMOUNT = #{amount,jdbcType=DECIMAL},
      </if>
      <if test="buyFeeAmount != null" >
        BUY_FEE_AMOUNT = #{buyFeeAmount,jdbcType=DECIMAL},
      </if>
      <if test="saleFeeAmount != null" >
        SALE_FEE_AMOUNT = #{saleFeeAmount,jdbcType=DECIMAL},
      </if>
      <if test="createdate != null" >
        CREATEDATE = #{createdate,jdbcType=DATE},
      </if>
      <if test="saleTranSequence != null" >
        SALE_TRAN_SEQUENCE = #{saleTranSequence,jdbcType=VARCHAR},
      </if>
      <if test="buyTranSequence != null" >
        BUY_TRAN_SEQUENCE = #{buyTranSequence,jdbcType=VARCHAR},
      </if>
      <if test="buySourceFinanceAccountId != null" >
        BUY_SOURCE_FINANCE_ACCOUNT_ID = #{buySourceFinanceAccountId,jdbcType=DECIMAL},
      </if>
      <if test="saleSourceFinanceAccountId != null" >
        SALE_SOURCE_FINANCE_ACCOUNT_ID = #{saleSourceFinanceAccountId,jdbcType=DECIMAL},
      </if>
      <if test="buyAccountId != null" >
        BUY_ACCOUNT_ID = #{buyAccountId,jdbcType=DECIMAL},
      </if>
      <if test="buyAccountName != null" >
        BUY_ACCOUNT_NAME = #{buyAccountName,jdbcType=VARCHAR},
      </if>
      <if test="saleAccountId != null" >
        SALE_ACCOUNT_ID = #{saleAccountId,jdbcType=DECIMAL},
      </if>
      <if test="saleAccountName != null" >
        SALE_ACCOUNT_NAME = #{saleAccountName,jdbcType=VARCHAR},
      </if>
      <if test="tradeMode != null" >
        TRADE_MODE = #{tradeMode,jdbcType=DECIMAL},
      </if>
    </set>
    where ID = #{id,jdbcType=DECIMAL}
  </update>
  <update id="updateByPrimaryKey" parameterType="com.un.yuancoin.model.tranDealOrder.TranDealOrder" >
    update TB_TRAN_DEAL_ORDER
    set BUY_TARGET_FINANCE_ACCOUNT_ID = #{buyTargetFinanceAccountId,jdbcType=DECIMAL},
      SALE_TARGET_FINANCE_ACCOUNT_ID = #{saleTargetFinanceAccountId,jdbcType=DECIMAL},
      ENTRUST_ID = #{entrustId,jdbcType=DECIMAL},
      BEENTRUST_ID = #{beentrustId,jdbcType=DECIMAL},
      SOURCE_COIN_ID = #{sourceCoinId,jdbcType=DECIMAL},
      TARGET_COIN_ID = #{targetCoinId,jdbcType=DECIMAL},
      PRICE = #{price,jdbcType=DECIMAL},
      AMOUNT = #{amount,jdbcType=DECIMAL},
      BUY_FEE_AMOUNT = #{buyFeeAmount,jdbcType=DECIMAL},
      SALE_FEE_AMOUNT = #{saleFeeAmount,jdbcType=DECIMAL},
      CREATEDATE = #{createdate,jdbcType=DATE},
      SALE_TRAN_SEQUENCE = #{saleTranSequence,jdbcType=VARCHAR},
      BUY_TRAN_SEQUENCE = #{buyTranSequence,jdbcType=VARCHAR},
      BUY_SOURCE_FINANCE_ACCOUNT_ID = #{buySourceFinanceAccountId,jdbcType=DECIMAL},
      SALE_SOURCE_FINANCE_ACCOUNT_ID = #{saleSourceFinanceAccountId,jdbcType=DECIMAL},
      BUY_ACCOUNT_ID = #{buyAccountId,jdbcType=DECIMAL},
      BUY_ACCOUNT_NAME = #{buyAccountName,jdbcType=VARCHAR},
      SALE_ACCOUNT_ID = #{saleAccountId,jdbcType=DECIMAL},
      SALE_ACCOUNT_NAME = #{saleAccountName,jdbcType=VARCHAR},
      TRADE_MODE = #{tradeMode,jdbcType=DECIMAL}
    where ID = #{id,jdbcType=DECIMAL}
  </update>
</mapper>