<?xml version="1.0" encoding="UTF-8" ?>
<!DOCTYPE mapper PUBLIC "-//mybatis.org//DTD Mapper 3.0//EN" "http://mybatis.org/dtd/mybatis-3-mapper.dtd" >
<mapper namespace="com.un.yuancoin.server.dao.trade.tranCancelOrder.TranCancelOrderMapper" >
  <resultMap id="BaseResultMap" type="com.un.yuancoin.model.tranCancelOrder.TranCancelOrder" >
    <id column="ID" property="id" jdbcType="DECIMAL" />
    <result column="FINANCE_ACCOUNT_ID" property="financeAccountId" jdbcType="DECIMAL" />
    <result column="ENTRUST_ID" property="entrustId" jdbcType="DECIMAL" />
    <result column="AMOUNT" property="amount" jdbcType="DECIMAL" />
    <result column="TRADE_AMOUNT" property="tradeAmount" jdbcType="DECIMAL" />
    <result column="UNTRADE_AMOUNT" property="untradeAmount" jdbcType="DECIMAL" />
    <result column="ORDER_STATUS" property="orderStatus" jdbcType="DECIMAL" />
    <result column="CREATEDATE" property="createdate" jdbcType="DATE" />
    <result column="TRAN_SEQUENCE" property="tranSequence" jdbcType="VARCHAR" />
  </resultMap>
  <sql id="Base_Column_List" >
    ID, FINANCE_ACCOUNT_ID, ENTRUST_ID, AMOUNT, TRADE_AMOUNT, UNTRADE_AMOUNT, ORDER_STATUS, 
    CREATEDATE, TRAN_SEQUENCE
  </sql>
  <select id="selectByPrimaryKey" resultMap="BaseResultMap" parameterType="java.lang.Long" >
    select 
    <include refid="Base_Column_List" />
    from TB_TRAN_CANCEL_ORDER
    where ID = #{id,jdbcType=DECIMAL}
  </select>
  <delete id="deleteByPrimaryKey" parameterType="java.lang.Long" >
    delete from TB_TRAN_CANCEL_ORDER
    where ID = #{id,jdbcType=DECIMAL}
  </delete>
  <insert id="insert" parameterType="com.un.yuancoin.model.tranCancelOrder.TranCancelOrder" >
    insert into TB_TRAN_CANCEL_ORDER (ID, FINANCE_ACCOUNT_ID, ENTRUST_ID, 
      AMOUNT, TRADE_AMOUNT, UNTRADE_AMOUNT, 
      ORDER_STATUS, CREATEDATE, TRAN_SEQUENCE
      )
    values (#{id,jdbcType=DECIMAL}, #{financeAccountId,jdbcType=DECIMAL}, #{entrustId,jdbcType=DECIMAL}, 
      #{amount,jdbcType=DECIMAL}, #{tradeAmount,jdbcType=DECIMAL}, #{untradeAmount,jdbcType=DECIMAL}, 
      #{orderStatus,jdbcType=DECIMAL}, #{createdate,jdbcType=DATE}, #{tranSequence,jdbcType=VARCHAR}
      )
  </insert>
  <insert id="insertSelective" parameterType="com.un.yuancoin.model.tranCancelOrder.TranCancelOrder" >
    insert into TB_TRAN_CANCEL_ORDER
    <trim prefix="(" suffix=")" suffixOverrides="," >
      <if test="id != null" >
        ID,
      </if>
      <if test="financeAccountId != null" >
        FINANCE_ACCOUNT_ID,
      </if>
      <if test="entrustId != null" >
        ENTRUST_ID,
      </if>
      <if test="amount != null" >
        AMOUNT,
      </if>
      <if test="tradeAmount != null" >
        TRADE_AMOUNT,
      </if>
      <if test="untradeAmount != null" >
        UNTRADE_AMOUNT,
      </if>
      <if test="orderStatus != null" >
        ORDER_STATUS,
      </if>
      <if test="createdate != null" >
        CREATEDATE,
      </if>
      <if test="tranSequence != null" >
        TRAN_SEQUENCE,
      </if>
    </trim>
    <trim prefix="values (" suffix=")" suffixOverrides="," >
      <if test="id != null" >
        #{id,jdbcType=DECIMAL},
      </if>
      <if test="financeAccountId != null" >
        #{financeAccountId,jdbcType=DECIMAL},
      </if>
      <if test="entrustId != null" >
        #{entrustId,jdbcType=DECIMAL},
      </if>
      <if test="amount != null" >
        #{amount,jdbcType=DECIMAL},
      </if>
      <if test="tradeAmount != null" >
        #{tradeAmount,jdbcType=DECIMAL},
      </if>
      <if test="untradeAmount != null" >
        #{untradeAmount,jdbcType=DECIMAL},
      </if>
      <if test="orderStatus != null" >
        #{orderStatus,jdbcType=DECIMAL},
      </if>
      <if test="createdate != null" >
        #{createdate,jdbcType=DATE},
      </if>
      <if test="tranSequence != null" >
        #{tranSequence,jdbcType=VARCHAR},
      </if>
    </trim>
  </insert>
  <update id="updateByPrimaryKeySelective" parameterType="com.un.yuancoin.model.tranCancelOrder.TranCancelOrder" >
    update TB_TRAN_CANCEL_ORDER
    <set >
      <if test="financeAccountId != null" >
        FINANCE_ACCOUNT_ID = #{financeAccountId,jdbcType=DECIMAL},
      </if>
      <if test="entrustId != null" >
        ENTRUST_ID = #{entrustId,jdbcType=DECIMAL},
      </if>
      <if test="amount != null" >
        AMOUNT = #{amount,jdbcType=DECIMAL},
      </if>
      <if test="tradeAmount != null" >
        TRADE_AMOUNT = #{tradeAmount,jdbcType=DECIMAL},
      </if>
      <if test="untradeAmount != null" >
        UNTRADE_AMOUNT = #{untradeAmount,jdbcType=DECIMAL},
      </if>
      <if test="orderStatus != null" >
        ORDER_STATUS = #{orderStatus,jdbcType=DECIMAL},
      </if>
      <if test="createdate != null" >
        CREATEDATE = #{createdate,jdbcType=DATE},
      </if>
      <if test="tranSequence != null" >
        TRAN_SEQUENCE = #{tranSequence,jdbcType=VARCHAR},
      </if>
    </set>
    where ID = #{id,jdbcType=DECIMAL}
  </update>
  <update id="updateByPrimaryKey" parameterType="com.un.yuancoin.model.tranCancelOrder.TranCancelOrder" >
    update TB_TRAN_CANCEL_ORDER
    set FINANCE_ACCOUNT_ID = #{financeAccountId,jdbcType=DECIMAL},
      ENTRUST_ID = #{entrustId,jdbcType=DECIMAL},
      AMOUNT = #{amount,jdbcType=DECIMAL},
      TRADE_AMOUNT = #{tradeAmount,jdbcType=DECIMAL},
      UNTRADE_AMOUNT = #{untradeAmount,jdbcType=DECIMAL},
      ORDER_STATUS = #{orderStatus,jdbcType=DECIMAL},
      CREATEDATE = #{createdate,jdbcType=DATE},
      TRAN_SEQUENCE = #{tranSequence,jdbcType=VARCHAR}
    where ID = #{id,jdbcType=DECIMAL}
  </update>
</mapper>