<?xml version="1.0" encoding="UTF-8" ?>  
<!DOCTYPE generatorConfiguration PUBLIC "-//mybatis.org//DTD MyBatis Generator Configuration 1.0//EN" "http://mybatis.org/dtd/mybatis-generator-config_1_0.dtd" >  
<generatorConfiguration >  
 
<classPathEntry location="/Users/58coin/Documents/generator/mysql-connector-java-5.1.26.jar"/>  
  
<context id="DB2Tables" targetRuntime="MyBatis3">  
<commentGenerator>  
<property name="suppressAllComments" value="true"/>  
</commentGenerator>  

<jdbcConnection driverClass="com.mysql.jdbc.Driver" connectionURL="jdbc:mysql://192.168.112.36:3306/58statistics" userId="appuser" password="976xmX5kKuRNjnIy">  
</jdbcConnection>  

<javaTypeResolver>  
 
<property name="forceBigDecimals" value="false" />  
</javaTypeResolver>  

<javaModelGenerator targetPackage="project.model" targetProject="/Users/58coin/Documents/generator/src">
<property name="enableSubPackages" value="true" />  
<property name="trimStrings" value="true" />  
</javaModelGenerator>  
 
<sqlMapGenerator targetPackage="project.mapping" targetProject="/Users/58coin/Documents/generator/src">  
<property name="enableSubPackages" value="true" />  
</sqlMapGenerator>  

<javaClientGenerator type="XMLMAPPER" targetPackage="project.dao" targetProject="/Users/58coin/Documents/generator/src">  
<property name="enableSubPackages" value="true" />  
</javaClientGenerator>  


<table tableName="tb_mix_currency_index" domainObjectName="MixCurrencyIndex"  enableCountByExample="false" enableUpdateByExample="false"  
enableDeleteByExample="false" enableSelectByExample="false" selectByExampleQueryId="false">
<!-- <generatedKey column="id" identity= "false" type="pre" sqlStatement="select  replace(uuid(),'-','')   from dual  "/> -->
</table>  
  </context>  
</generatorConfiguration> 