<?xml version="1.0" encoding="UTF-8" ?>
<!DOCTYPE mapper PUBLIC "-//mybatis.org//DTD Mapper 3.0//EN" "http://mybatis.org/dtd/mybatis-3-mapper.dtd" >
<mapper namespace="com.un.yuancoin.server.dao.trade.coinFeeSetting.coinFeeSettingMapper" >
  <resultMap id="BaseResultMap" type="com.un.yuancoin.model.coinFeeSetting.coinFeeSetting" >
    <id column="ID" property="id" jdbcType="DECIMAL" />
    <result column="COIN_ID" property="coinId" jdbcType="DECIMAL" />
    <result column="CREATEDATE" property="createdate" jdbcType="DATE" />
    <result column="UPDATEDATE" property="updatedate" jdbcType="DATE" />
    <result column="TYPE" property="type" jdbcType="DECIMAL" />
    <result column="CAL_MODE" property="calMode" jdbcType="DECIMAL" />
    <result column="FEE_VALUE" property="feeValue" jdbcType="DECIMAL" />
    <result column="CONFIRM_USER_ID" property="confirmUserId" jdbcType="DECIMAL" />
  </resultMap>
  <sql id="Base_Column_List" >
    ID, COIN_ID, CREATEDATE, UPDATEDATE, TYPE, CAL_MODE, FEE_VALUE, CONFIRM_USER_ID
  </sql>
  <select id="selectByPrimaryKey" resultMap="BaseResultMap" parameterType="java.lang.Long" >
    select 
    <include refid="Base_Column_List" />
    from TB_COIN_FEE
    where ID = #{id,jdbcType=DECIMAL}
  </select>
  <delete id="deleteByPrimaryKey" parameterType="java.lang.Long" >
    delete from TB_COIN_FEE
    where ID = #{id,jdbcType=DECIMAL}
  </delete>
  <insert id="insert" parameterType="com.un.yuancoin.model.coinFeeSetting.coinFeeSetting" >
    insert into TB_COIN_FEE (ID, COIN_ID, CREATEDATE, 
      UPDATEDATE, TYPE, CAL_MODE, 
      FEE_VALUE, CONFIRM_USER_ID)
    values (#{id,jdbcType=DECIMAL}, #{coinId,jdbcType=DECIMAL}, #{createdate,jdbcType=DATE}, 
      #{updatedate,jdbcType=DATE}, #{type,jdbcType=DECIMAL}, #{calMode,jdbcType=DECIMAL}, 
      #{feeValue,jdbcType=DECIMAL}, #{confirmUserId,jdbcType=DECIMAL})
  </insert>
  <insert id="insertSelective" parameterType="com.un.yuancoin.model.coinFeeSetting.coinFeeSetting" >
    insert into TB_COIN_FEE
    <trim prefix="(" suffix=")" suffixOverrides="," >
      <if test="id != null" >
        ID,
      </if>
      <if test="coinId != null" >
        COIN_ID,
      </if>
      <if test="createdate != null" >
        CREATEDATE,
      </if>
      <if test="updatedate != null" >
        UPDATEDATE,
      </if>
      <if test="type != null" >
        TYPE,
      </if>
      <if test="calMode != null" >
        CAL_MODE,
      </if>
      <if test="feeValue != null" >
        FEE_VALUE,
      </if>
      <if test="confirmUserId != null" >
        CONFIRM_USER_ID,
      </if>
    </trim>
    <trim prefix="values (" suffix=")" suffixOverrides="," >
      <if test="id != null" >
        #{id,jdbcType=DECIMAL},
      </if>
      <if test="coinId != null" >
        #{coinId,jdbcType=DECIMAL},
      </if>
      <if test="createdate != null" >
        #{createdate,jdbcType=DATE},
      </if>
      <if test="updatedate != null" >
        #{updatedate,jdbcType=DATE},
      </if>
      <if test="type != null" >
        #{type,jdbcType=DECIMAL},
      </if>
      <if test="calMode != null" >
        #{calMode,jdbcType=DECIMAL},
      </if>
      <if test="feeValue != null" >
        #{feeValue,jdbcType=DECIMAL},
      </if>
      <if test="confirmUserId != null" >
        #{confirmUserId,jdbcType=DECIMAL},
      </if>
    </trim>
  </insert>
  <update id="updateByPrimaryKeySelective" parameterType="com.un.yuancoin.model.coinFeeSetting.coinFeeSetting" >
    update TB_COIN_FEE
    <set >
      <if test="coinId != null" >
        COIN_ID = #{coinId,jdbcType=DECIMAL},
      </if>
      <if test="createdate != null" >
        CREATEDATE = #{createdate,jdbcType=DATE},
      </if>
      <if test="updatedate != null" >
        UPDATEDATE = #{updatedate,jdbcType=DATE},
      </if>
      <if test="type != null" >
        TYPE = #{type,jdbcType=DECIMAL},
      </if>
      <if test="calMode != null" >
        CAL_MODE = #{calMode,jdbcType=DECIMAL},
      </if>
      <if test="feeValue != null" >
        FEE_VALUE = #{feeValue,jdbcType=DECIMAL},
      </if>
      <if test="confirmUserId != null" >
        CONFIRM_USER_ID = #{confirmUserId,jdbcType=DECIMAL},
      </if>
    </set>
    where ID = #{id,jdbcType=DECIMAL}
  </update>
  <update id="updateByPrimaryKey" parameterType="com.un.yuancoin.model.coinFeeSetting.coinFeeSetting" >
    update TB_COIN_FEE
    set COIN_ID = #{coinId,jdbcType=DECIMAL},
      CREATEDATE = #{createdate,jdbcType=DATE},
      UPDATEDATE = #{updatedate,jdbcType=DATE},
      TYPE = #{type,jdbcType=DECIMAL},
      CAL_MODE = #{calMode,jdbcType=DECIMAL},
      FEE_VALUE = #{feeValue,jdbcType=DECIMAL},
      CONFIRM_USER_ID = #{confirmUserId,jdbcType=DECIMAL}
    where ID = #{id,jdbcType=DECIMAL}
  </update>
</mapper>