<?xml version="1.0" encoding="UTF-8"?>
<configuration>
    <appender name="LOGSTASH_DEV" class="net.logstash.logback.appender.LogstashTcpSocketAppender">
        <destination>192.168.0.218:4560</destination>
        <encoder charset="UTF-8" class="net.logstash.logback.encoder.LogstashEncoder">
            <customFields>{"appname":"erp-websocket-dev"}</customFields>
        </encoder>
    </appender>
    <appender name="LOGSTASH_PRO" class="net.logstash.logback.appender.LogstashTcpSocketAppender">
        <destination>172.17.18.84:4560</destination>
        <encoder charset="UTF-8" class="net.logstash.logback.encoder.LogstashEncoder">
            <customFields>{"appname":"erp-websocket-pro"}</customFields>
        </encoder>
    </appender>
    <appender name="STDOUT" class="ch.qos.logback.core.ConsoleAppender">
        <encoder charset="UTF-8"> <!-- encoder 可以指定字符集，对于中文输出有意义 -->
            <pattern>%d{HH:mm:ss.SSS} [%thread] %-5level %logger - %msg%n</pattern>
        </encoder>
    </appender>

    <appender name="LOGSTASH_PRE" class="net.logstash.logback.appender.LogstashTcpSocketAppender">
        <destination>192.168.0.218:4560</destination>
        <encoder charset="UTF-8" class="net.logstash.logback.encoder.LogstashEncoder">
            <customFields>{"appname":"erp-websocket-pre"}</customFields>
        </encoder>
    </appender>

    <springProfile name="dev">
        <root level="INFO">
            <appender-ref ref="LOGSTASH_DEV"/>
            <appender-ref ref="STDOUT"/>
        </root>
    </springProfile>
    <springProfile name="pro">
        <root level="INFO">
            <appender-ref ref="LOGSTASH_PRO"/>
            <appender-ref ref="STDOUT"/>
        </root>
    </springProfile>
    <springProfile name="pre">
        <root level="INFO">
            <appender-ref ref="LOGSTASH_DEV"/>
            <appender-ref ref="STDOUT"/>
        </root>
    </springProfile>
</configuration>