<?xml version="1.0" encoding="UTF-8" ?>
<!DOCTYPE mapper PUBLIC "-//mybatis.org//DTD Mapper 3.0//EN" "http://mybatis.org/dtd/mybatis-3-mapper.dtd" >
<mapper namespace="com.un.yuancoin.server.dao.trade.friendlyLink.FriendlyLinkMapper" >
  <resultMap id="BaseResultMap" type="com.un.yuancoin.model.friendlyLink.FriendlyLink" >
    <id column="ID" property="id" jdbcType="DECIMAL" />
    <result column="URL" property="url" jdbcType="VARCHAR" />
    <result column="URL_DESC" property="urlDesc" jdbcType="VARCHAR" />
    <result column="URL_PHOTO" property="urlPhoto" jdbcType="VARCHAR" />
    <result column="ORDER_NUM" property="orderNum" jdbcType="DECIMAL" />
    <result column="CREATE_DATE" property="createDate" jdbcType="DATE" />
    <result column="CREATE_USER_ID" property="createUserId" jdbcType="DECIMAL" />
    <result column="UPDATE_DATE" property="updateDate" jdbcType="DATE" />
    <result column="UPDATE_USER_ID" property="updateUserId" jdbcType="DECIMAL" />
    <result column="STATE" property="state" jdbcType="DECIMAL" />
    <result column="LINKMAN_NAME" property="linkmanName" jdbcType="VARCHAR" />
    <result column="CONTACT_WAY" property="contactWay" jdbcType="DECIMAL" />
    <result column="CONTACT_NO" property="contactNo" jdbcType="VARCHAR" />
  </resultMap>
  <sql id="Base_Column_List" >
    ID, URL, URL_DESC, URL_PHOTO, ORDER_NUM, CREATE_DATE, CREATE_USER_ID, UPDATE_DATE, 
    UPDATE_USER_ID, STATE, LINKMAN_NAME, CONTACT_WAY, CONTACT_NO
  </sql>
  <select id="selectByPrimaryKey" resultMap="BaseResultMap" parameterType="java.lang.Long" >
    select 
    <include refid="Base_Column_List" />
    from TB_FRIENDLY_URL
    where ID = #{id,jdbcType=DECIMAL}
  </select>
  <delete id="deleteByPrimaryKey" parameterType="java.lang.Long" >
    delete from TB_FRIENDLY_URL
    where ID = #{id,jdbcType=DECIMAL}
  </delete>
  <insert id="insert" parameterType="com.un.yuancoin.model.friendlyLink.FriendlyLink" >
    insert into TB_FRIENDLY_URL (ID, URL, URL_DESC, 
      URL_PHOTO, ORDER_NUM, CREATE_DATE, 
      CREATE_USER_ID, UPDATE_DATE, UPDATE_USER_ID, 
      STATE, LINKMAN_NAME, CONTACT_WAY, 
      CONTACT_NO)
    values (#{id,jdbcType=DECIMAL}, #{url,jdbcType=VARCHAR}, #{urlDesc,jdbcType=VARCHAR}, 
      #{urlPhoto,jdbcType=VARCHAR}, #{orderNum,jdbcType=DECIMAL}, #{createDate,jdbcType=DATE}, 
      #{createUserId,jdbcType=DECIMAL}, #{updateDate,jdbcType=DATE}, #{updateUserId,jdbcType=DECIMAL}, 
      #{state,jdbcType=DECIMAL}, #{linkmanName,jdbcType=VARCHAR}, #{contactWay,jdbcType=DECIMAL}, 
      #{contactNo,jdbcType=VARCHAR})
  </insert>
  <insert id="insertSelective" parameterType="com.un.yuancoin.model.friendlyLink.FriendlyLink" >
    insert into TB_FRIENDLY_URL
    <trim prefix="(" suffix=")" suffixOverrides="," >
      <if test="id != null" >
        ID,
      </if>
      <if test="url != null" >
        URL,
      </if>
      <if test="urlDesc != null" >
        URL_DESC,
      </if>
      <if test="urlPhoto != null" >
        URL_PHOTO,
      </if>
      <if test="orderNum != null" >
        ORDER_NUM,
      </if>
      <if test="createDate != null" >
        CREATE_DATE,
      </if>
      <if test="createUserId != null" >
        CREATE_USER_ID,
      </if>
      <if test="updateDate != null" >
        UPDATE_DATE,
      </if>
      <if test="updateUserId != null" >
        UPDATE_USER_ID,
      </if>
      <if test="state != null" >
        STATE,
      </if>
      <if test="linkmanName != null" >
        LINKMAN_NAME,
      </if>
      <if test="contactWay != null" >
        CONTACT_WAY,
      </if>
      <if test="contactNo != null" >
        CONTACT_NO,
      </if>
    </trim>
    <trim prefix="values (" suffix=")" suffixOverrides="," >
      <if test="id != null" >
        #{id,jdbcType=DECIMAL},
      </if>
      <if test="url != null" >
        #{url,jdbcType=VARCHAR},
      </if>
      <if test="urlDesc != null" >
        #{urlDesc,jdbcType=VARCHAR},
      </if>
      <if test="urlPhoto != null" >
        #{urlPhoto,jdbcType=VARCHAR},
      </if>
      <if test="orderNum != null" >
        #{orderNum,jdbcType=DECIMAL},
      </if>
      <if test="createDate != null" >
        #{createDate,jdbcType=DATE},
      </if>
      <if test="createUserId != null" >
        #{createUserId,jdbcType=DECIMAL},
      </if>
      <if test="updateDate != null" >
        #{updateDate,jdbcType=DATE},
      </if>
      <if test="updateUserId != null" >
        #{updateUserId,jdbcType=DECIMAL},
      </if>
      <if test="state != null" >
        #{state,jdbcType=DECIMAL},
      </if>
      <if test="linkmanName != null" >
        #{linkmanName,jdbcType=VARCHAR},
      </if>
      <if test="contactWay != null" >
        #{contactWay,jdbcType=DECIMAL},
      </if>
      <if test="contactNo != null" >
        #{contactNo,jdbcType=VARCHAR},
      </if>
    </trim>
  </insert>
  <update id="updateByPrimaryKeySelective" parameterType="com.un.yuancoin.model.friendlyLink.FriendlyLink" >
    update TB_FRIENDLY_URL
    <set >
      <if test="url != null" >
        URL = #{url,jdbcType=VARCHAR},
      </if>
      <if test="urlDesc != null" >
        URL_DESC = #{urlDesc,jdbcType=VARCHAR},
      </if>
      <if test="urlPhoto != null" >
        URL_PHOTO = #{urlPhoto,jdbcType=VARCHAR},
      </if>
      <if test="orderNum != null" >
        ORDER_NUM = #{orderNum,jdbcType=DECIMAL},
      </if>
      <if test="createDate != null" >
        CREATE_DATE = #{createDate,jdbcType=DATE},
      </if>
      <if test="createUserId != null" >
        CREATE_USER_ID = #{createUserId,jdbcType=DECIMAL},
      </if>
      <if test="updateDate != null" >
        UPDATE_DATE = #{updateDate,jdbcType=DATE},
      </if>
      <if test="updateUserId != null" >
        UPDATE_USER_ID = #{updateUserId,jdbcType=DECIMAL},
      </if>
      <if test="state != null" >
        STATE = #{state,jdbcType=DECIMAL},
      </if>
      <if test="linkmanName != null" >
        LINKMAN_NAME = #{linkmanName,jdbcType=VARCHAR},
      </if>
      <if test="contactWay != null" >
        CONTACT_WAY = #{contactWay,jdbcType=DECIMAL},
      </if>
      <if test="contactNo != null" >
        CONTACT_NO = #{contactNo,jdbcType=VARCHAR},
      </if>
    </set>
    where ID = #{id,jdbcType=DECIMAL}
  </update>
  <update id="updateByPrimaryKey" parameterType="com.un.yuancoin.model.friendlyLink.FriendlyLink" >
    update TB_FRIENDLY_URL
    set URL = #{url,jdbcType=VARCHAR},
      URL_DESC = #{urlDesc,jdbcType=VARCHAR},
      URL_PHOTO = #{urlPhoto,jdbcType=VARCHAR},
      ORDER_NUM = #{orderNum,jdbcType=DECIMAL},
      CREATE_DATE = #{createDate,jdbcType=DATE},
      CREATE_USER_ID = #{createUserId,jdbcType=DECIMAL},
      UPDATE_DATE = #{updateDate,jdbcType=DATE},
      UPDATE_USER_ID = #{updateUserId,jdbcType=DECIMAL},
      STATE = #{state,jdbcType=DECIMAL},
      LINKMAN_NAME = #{linkmanName,jdbcType=VARCHAR},
      CONTACT_WAY = #{contactWay,jdbcType=DECIMAL},
      CONTACT_NO = #{contactNo,jdbcType=VARCHAR}
    where ID = #{id,jdbcType=DECIMAL}
  </update>
</mapper>